{
    "loss": 0.11419561505317688,
    "accuracy": 0.971222996711731
}