{
    "loss": 12.259805679321289,
    "accuracy": 0.6690647602081299
}